{"cameraMode":{"drawMode":0,"name":"Shaded","section":"Shading Mode"},"sceneLighting":true,"audioPlay":false,"sceneViewState":{"m_AlwaysRefresh":false,"showFog":true,"showSkybox":true,"showFlares":true,"showImageEffects":true,"showParticleSystems":true,"showVisualEffectGraphs":true,"m_FxEnabled":true},"in2DMode":false,"pivot":{"x":6.798615455627441,"y":5.684347152709961,"z":25.93128776550293},"rotation":{"x":-0.005052345804870129,"y":0.9922022223472595,"z":-0.11693271994590759,"w":-0.042888540774583819},"size":6.315062046051025,"orthographic":false}